{"_step":1531,"train/loss":0.5089795589447021,"_timestamp":1.7357904085391672e+09,"val/loss":0.5569043755531311,"_wandb":{"runtime":42867},"_runtime":42867.353479124}