{"val/loss":0.4905528128147125,"_wandb":{"runtime":42743},"train/loss":0.4391620457172394,"_timestamp":1.7357173077313638e+09,"_runtime":42742.976969558,"_step":1531}