{"_runtime":42808.56171792,"_step":1531,"train/loss":0.44027626514434814,"val/loss":0.5043045878410339,"_wandb":{"runtime":42808},"_timestamp":1.7357182011697853e+09}