{"train/loss":0.43040671944618225,"_timestamp":1.7358026659421213e+09,"val/loss":0.49126631021499634,"_wandb":{"runtime":42748},"_runtime":42748.215079498,"_step":1531}