{"_runtime":812.049620159,"_step":48,"train/loss":0.9774564504623413,"val/loss":0.9985657334327698,"_wandb":{"runtime":822},"_timestamp":1.7356736806366906e+09}