{"_wandb":{"runtime":42919},"train/loss":0.43445056676864624,"_timestamp":1.7357904436890638e+09,"_runtime":42919.260800802,"_step":1531,"val/loss":0.4856359362602234}